2EPOgSRhA90xWGVtNZwEv8,Tu Har Lamha,67
6Ec5LeRzkisa5KJtwLfOoW,Am I Dreaming (Metro Boomin & A$AP Rocky||| Roisee),82
4JHg4nNYUJQ5HULcCmI18R,What You Know,77
7FAFkQQZFeNwOFzTrSDFIh,The Spins,83
1AHfovSnGPVYKaahRtA0U6,The Message,66
5vfSztc2i3NV2a4VJ85rkC,Je Jatt Bigr Gaya,44
3DErMJzUrtfGUjet3xpUml,burbank house,59
0xIuPDzJSnJywALez8dwKR,With You,86
3TRELBIFeopjohZeKzVlL6,Hanging Hats,37
5ouGWMPxx4Lv8vUWpfGcZT,Thursday,42
5XsoDbDt98b0FkFLOhsJuS,Lat Lag Gayee,69
61sOHwvtdUIx3Wlls13hB5,Где ты||| где я,54
5MSshyHGM9ajWSEoBcR0jv,Wurli,67
0AAMnNeIc6CdnfNU85GwCH,Self Love (Spider-Man: Across the Spider-Verse) (Metro Boomin & Coi Leray),80
7vZz8oJ5qAqB9MghufRK5k,Zinda,66
3lIxtCaROdRDuTnNBDm3n2,She's My Collar (feat. Kali Uchis),75
2nRLVu5LYBxrQl9F7J0TP5,California Dreamin' - Remastered,31
1kmhdq0RfZFdfSLaTsiTVi,Relax||| Take It Easy,56
2UZCTcfF0y4jiVdQkPcmO7,California Dreamin',48
5ruzrDWcT0vuJIOMW7gMnW,The Adults Are Talking,81
6FvC50ilLPOWDI4FOQc6tG,Do Right,14
6OiRh4kttAs1YWglvTcYkB,Alrighty Aphrodite,70
4nc6XiUze2Yh7wFueGOPv7,Chaleya (From "Jawan"),89
4WuOWVnAqvEQxgSRrspBgt,Niagara Falls (Foot or 2) [with Travis Scott & 21 Savage],82
44KWbTVZev3SWdv1t5UoYE,How Much Is Weed?,73
65sNrvOp2HLlhGTeLJ0nnk,Being so Normal,58
37CoOXIsgF3NzbK1zHZetk,Mona Lisa (Spider-Man: Across the Spider-Verse),77
1gpBDeONibvJyQYEv5HJh9,Drop the Guillotine,62
7krpkx52sDmcO6U8ujbref,Alif Allah Chambey Di Booty,40
1KuVdyg8d6NlRhbpHxg5UF,Social Cues,68
6IRzBP4gVoV4D2zHmocoWy,Eternal Summer,61
0ug5NqcwcFR2xrfTkc7k8e,Style,92
3C69IlbOWSehnK92GpU0f3,Damaa Dam Mast Kalandar (Traditional),40
1xLs8Mu1QEVbGCpyHQ2r2U,Why,73
3nIlBeSIVnDbWFO3mExxV2,FOOL'S GOLD,56
7rNun2AyLu4u4rQpRt0iS9,Westcoast Collective,67
4UyAtnwhaKv7EG1BdkBYRI,Ready To Let Go,64
75DRLUnnltzSyuTJ7onxmW,Tere Vaaste (From "Zara Hatke Zara Bachke"),69
6ldspFuERUcUlxX1RkmppI,Changing,30
3MrZcAFdNmtPVbob9QYvs4,DITTO,51
0AJhcuRl3i1FfPNr88ZScv,You're in Love with a Psycho,61
4atMrAadB7dS8xn9vfk9PQ,Fireside,70
4FN395EYfdCGrBthUfJzug,Spiderhead,54
7oWbeO9v3Cfs900q7JhLAs,Come A Little Closer,71
1pNUmVxDiE8t6P1XxcZAv8,Scrawny,72
6wVWJl64yoTzU27EI8ep20,Crying Lightning,75
1xafrgeBMaBBrnr1e7rkaC,City Blues,41
6lMPUipRF49L8AxLW3F40B,Getaway Green,44
1RKUoGiLEbcXN4GY4spQDx,Clint Eastwood,78
1foMv2HQwfQ2vntFf9HFeG,Rhinestone Eyes,79
